archivo,titulo,alt,caption,width,height
images/tours/tour-cuatrimotos-centro-apaneca.jpg,Tour Cuatrimotos Centro Apaneca,Tour en cuatrimotos por el centro de Apaneca,Tour en cuatrimotos por el centro de Apaneca.,1200,630
images/laguna-verde/tour-familiar-buggy-laguna-verde-apaneca.jpg,Tour Familiar Buggy Laguna Verde Apaneca,Familia disfrutando un tour en buggy frente a Laguna Verde en Apaneca,Familia disfrutando un tour en buggy frente a Laguna Verde en Apaneca.,1500,2000
images/cuatrimotos/salida-tour-cuatrimotos-apaneca.jpg,Salida Tour Cuatrimotos Apaneca,Cuatrimotos listas para iniciar un recorrido turístico en Apaneca,Cuatrimotos listas para iniciar un recorrido turístico en Apaneca.,2000,1500
images/clientes/equipo-ratatouille-xtreme-tours-apaneca.jpg,Equipo Ratatouille Xtreme Tours Apaneca,Equipo de Ratatouille Xtreme Tours Apaneca,Equipo de Ratatouille Xtreme Tours Apaneca.,712,654
images/clientes/visitantes-ratatouille-tours-apaneca.jpg,Visitantes Ratatouille Tours Apaneca,Visitantes disfrutando Ratatouille Tours Apaneca,Visitantes disfrutando Ratatouille Tours Apaneca.,1200,883
images/artesanias/visitantes-boutique-artesanias-apaneca.jpg,Visitantes Boutique Artesanias Apaneca,Visitantes en una boutique de artesanías de Apaneca,Visitantes en una boutique de artesanías de Apaneca.,1200,1080
images/artesanias/tienda-recuerdos-apaneca-tours.jpg,Tienda Recuerdos Apaneca Tours,Tienda de recuerdos turísticos en Apaneca,Tienda de recuerdos turísticos en Apaneca.,997,1140
images/artesanias/clientes-tienda-artesanias-apaneca.jpg,Clientes Tienda Artesanias Apaneca,Clientes visitando una tienda de artesanías en Apaneca,Clientes visitando una tienda de artesanías en Apaneca.,1200,1053
images/laguna-verde/grupo-buggy-laguna-verde-apaneca.jpg,Grupo Buggy Laguna Verde Apaneca,Grupo de visitantes en buggy frente a Laguna Verde,Grupo de visitantes en buggy frente a Laguna Verde.,1811,2000
images/tours/ruta-todoterreno-bosque-apaneca.jpg,Ruta Todoterreno Bosque Apaneca,Vehículo todoterreno recorriendo un sendero boscoso en Apaneca,Vehículo todoterreno recorriendo un sendero boscoso en Apaneca.,1500,2000
images/naturaleza/caballo-paisaje-rural-apaneca.jpg,Caballo Paisaje Rural Apaneca,Caballo en un paisaje rural de Apaneca,Caballo en un paisaje rural de Apaneca.,1200,1278
images/vivero/vivero-papayo-ombligon-apaneca.jpg,Vivero Papayo Ombligon Apaneca,Plantas jóvenes en vivero de Apaneca,Plantas jóvenes en vivero de Apaneca.,1500,2000
images/cuatrimotos/caravana-cuatrimotos-apaneca.jpg,Caravana Cuatrimotos Apaneca,Caravana de cuatrimotos recorriendo Apaneca,Caravana de cuatrimotos recorriendo Apaneca.,1500,2000
images/laguna-verde/familia-buggy-laguna-verde.jpg,Familia Buggy Laguna Verde,Familia disfrutando un buggy tour en Laguna Verde,Familia disfrutando un buggy tour en Laguna Verde.,1962,2000
images/laguna-verde/aventura-buggy-laguna-verde-apaneca.jpg,Aventura Buggy Laguna Verde Apaneca,Visitantes junto a un buggy en Laguna Verde,Visitantes junto a un buggy en Laguna Verde.,1642,2000
images/buggies/buggy-rojo-laguna-verde-apaneca.jpg,Buggy Rojo Laguna Verde Apaneca,Buggy rojo frente a Laguna Verde en Apaneca,Buggy rojo frente a Laguna Verde en Apaneca.,1280,1920
images/clientes/grupo-tour-buggy-ruta-verde-apaneca.jpg,Grupo Tour Buggy Ruta Verde Apaneca,Grupo disfrutando un tour en buggy por Apaneca,Grupo disfrutando un tour en buggy por Apaneca.,1920,1080
images/clientes/clientes-buggy-ruta-verde-apaneca.jpg,Clientes Buggy Ruta Verde Apaneca,Clientes en recorrido de buggy por la Ruta Verde,Clientes en recorrido de buggy por la Ruta Verde.,1080,1920
images/clientes/visitantes-tour-aventura-apaneca.jpg,Visitantes Tour Aventura Apaneca,Visitantes en una experiencia de aventura en Apaneca,Visitantes en una experiencia de aventura en Apaneca.,1920,1080
images/clientes/grupo-xtreme-tours-apaneca.jpg,Grupo Xtreme Tours Apaneca,Grupo de visitantes de Xtreme Tours Apaneca,Grupo de visitantes de Xtreme Tours Apaneca.,1080,1920
images/buggies/buggy-cfmoto-tour-apaneca.jpg,Buggy Cfmoto Tour Apaneca,Buggy CFMOTO para recorridos de aventura en Apaneca,Buggy CFMOTO para recorridos de aventura en Apaneca.,1280,1920
images/cuatrimotos/cuatrimoto-tour-laguna-verde-apaneca.jpg,Cuatrimoto Tour Laguna Verde Apaneca,Cuatrimoto durante un tour hacia Laguna Verde,Cuatrimoto durante un tour hacia Laguna Verde.,1280,1920
images/naturaleza/paisaje-bosque-apaneca-ruta-flores.jpg,Paisaje Bosque Apaneca Ruta Flores,Paisaje boscoso de Apaneca en la Ruta de las Flores,Paisaje boscoso de Apaneca en la Ruta de las Flores.,2000,1500
images/tours/sendero-off-road-apaneca.jpg,Sendero Off Road Apaneca,Sendero de tierra para tours todoterreno en Apaneca,Sendero de tierra para tours todoterreno en Apaneca.,1500,2000
images/clientes/pareja-tour-buggy-apaneca.jpg,Pareja Tour Buggy Apaneca,Pareja disfrutando un tour en buggy por Apaneca,Pareja disfrutando un tour en buggy por Apaneca.,1920,1080
images/cuatrimotos/cuatrimoto-aventura-apaneca.jpg,Cuatrimoto Aventura Apaneca,Visitantes en cuatrimoto durante un recorrido por Apaneca,Visitantes en cuatrimoto durante un recorrido por Apaneca.,1920,1080
images/buggies/buggy-zforce-tour-apaneca.jpg,Buggy Zforce Tour Apaneca,Buggy ZFORCE durante un recorrido turístico en Apaneca,Buggy ZFORCE durante un recorrido turístico en Apaneca.,2000,1500
images/naturaleza/caballo-ruta-turistica-apaneca.jpg,Caballo Ruta Turistica Apaneca,Caballo en una finca turística de Apaneca,Caballo en una finca turística de Apaneca.,1500,2000
images/naturaleza/arbol-emblematico-apaneca.jpg,Arbol Emblematico Apaneca,Árbol emblemático rodeado de naturaleza en Apaneca,Árbol emblemático rodeado de naturaleza en Apaneca.,1200,1278
images/naturaleza/arbol-mirador-natural-apaneca.jpg,Arbol Mirador Natural Apaneca,Vista natural entre árboles de Apaneca,Vista natural entre árboles de Apaneca.,1200,1600
images/vivero/plantulas-vivero-forestal-apaneca.jpg,Plantulas Vivero Forestal Apaneca,Filas de plántulas en un vivero forestal de Apaneca,Filas de plántulas en un vivero forestal de Apaneca.,1500,2000
images/vivero/sendero-vivero-ecologico-apaneca.jpg,Sendero Vivero Ecologico Apaneca,Sendero entre plantas de un vivero ecológico de Apaneca,Sendero entre plantas de un vivero ecológico de Apaneca.,1125,2000
images/vivero/plantas-jovenes-vivero-apaneca.jpg,Plantas Jovenes Vivero Apaneca,Plantas jóvenes organizadas en un vivero de Apaneca,Plantas jóvenes organizadas en un vivero de Apaneca.,2000,1125
images/vivero/cultivo-vivero-papayo-apaneca.jpg,Cultivo Vivero Papayo Apaneca,Cultivo de plantas en vivero de Apaneca,Cultivo de plantas en vivero de Apaneca.,1167,2000
images/naturaleza/arbol-gigante-naturaleza-apaneca.jpg,Arbol Gigante Naturaleza Apaneca,Árbol gigante rodeado de vegetación en Apaneca,Árbol gigante rodeado de vegetación en Apaneca.,1200,1278
images/naturaleza/arbol-bosque-ruta-apaneca.jpg,Arbol Bosque Ruta Apaneca,Árbol destacado en un bosque de Apaneca,Árbol destacado en un bosque de Apaneca.,1200,1600
images/vivero/vivero-plantulas-apaneca.jpg,Vivero Plantulas Apaneca,Vivero con numerosas plántulas en Apaneca,Vivero con numerosas plántulas en Apaneca.,1500,2000
images/vivero/pasillo-vivero-ecologico-apaneca.jpg,Pasillo Vivero Ecologico Apaneca,Pasillo rodeado de plantas en un vivero ecológico,Pasillo rodeado de plantas en un vivero ecológico.,1125,2000
images/vivero/plantas-vivero-ruta-verde-apaneca.jpg,Plantas Vivero Ruta Verde Apaneca,Plantas jóvenes cultivadas en la Ruta Verde de Apaneca,Plantas jóvenes cultivadas en la Ruta Verde de Apaneca.,2000,1125
images/vivero/cultivo-plantas-nativas-apaneca.jpg,Cultivo Plantas Nativas Apaneca,Cultivo de plantas nativas en vivero de Apaneca,Cultivo de plantas nativas en vivero de Apaneca.,1167,2000
images/vivero/vivero-cafe-apaneca-ruta-flores.jpg,Vivero Cafe Apaneca Ruta Flores,Plantas de café en vivero de Apaneca,Plantas de café en vivero de Apaneca.,1500,2000
images/laguna-verde/cuatrimoto-frente-laguna-verde-apaneca.jpg,Cuatrimoto Frente Laguna Verde Apaneca,Cuatrimoto frente a Laguna Verde en Apaneca,Cuatrimoto frente a Laguna Verde en Apaneca.,1999,2000
images/buggies/buggy-rojo-centro-apaneca.jpg,Buggy Rojo Centro Apaneca,Buggy rojo recorriendo el centro de Apaneca,Buggy rojo recorriendo el centro de Apaneca.,1500,2000
images/clientes/pasajeros-buggy-tour-apaneca.jpg,Pasajeros Buggy Tour Apaneca,Pasajeros disfrutando un buggy tour en Apaneca,Pasajeros disfrutando un buggy tour en Apaneca.,1920,1080
images/artesanias/tienda-souvenirs-apaneca.jpg,Tienda Souvenirs Apaneca,Tienda de souvenirs y artesanías de Apaneca,Tienda de souvenirs y artesanías de Apaneca.,967,1600
images/artesanias/miniaturas-coloniales-el-salvador.jpg,Miniaturas Coloniales El Salvador,Miniaturas artesanales de edificios coloniales de El Salvador,Miniaturas artesanales de edificios coloniales de El Salvador.,1500,2000
images/artesanias/bolsos-artesanales-apaneca.jpg,Bolsos Artesanales Apaneca,Bolsos artesanales disponibles en Apaneca,Bolsos artesanales disponibles en Apaneca.,2000,1500
images/artesanias/artesanias-frutas-madera-apaneca.jpg,Artesanias Frutas Madera Apaneca,Artesanías decorativas con diseños de frutas,Artesanías decorativas con diseños de frutas.,1500,2000
images/artesanias/termos-personalizados-apaneca.jpg,Termos Personalizados Apaneca,Termos personalizados en tienda de recuerdos de Apaneca,Termos personalizados en tienda de recuerdos de Apaneca.,1500,2000
images/artesanias/vaso-termico-personalizado-apaneca.jpg,Vaso Termico Personalizado Apaneca,Vaso térmico decorado disponible en Apaneca,Vaso térmico decorado disponible en Apaneca.,1500,2000
images/artesanias/imanes-artesanales-el-salvador.jpg,Imanes Artesanales El Salvador,Imanes artesanales con diseños de El Salvador,Imanes artesanales con diseños de El Salvador.,1500,2000
images/artesanias/cartera-artesanal-salvadorena.jpg,Cartera Artesanal Salvadorena,Cartera artesanal con diseño salvadoreño,Cartera artesanal con diseño salvadoreño.,1500,2000
